work_year,experience_level,employment_type,salary_in_usd,remote_ratio,company_size,employee_continent,company_continent,is_colocated
2022,2,FT,130000,NoRemote,M,NA,NA,1
2022,2,FT,90000,NoRemote,M,NA,NA,1
2022,2,FT,120000,FullRemote,M,NA,NA,1
2022,2,FT,100000,FullRemote,M,NA,NA,1
2022,2,FT,85000,FullRemote,M,NA,NA,1
2022,2,FT,78000,FullRemote,M,NA,NA,1
2022,3,FT,161000,FullRemote,M,NA,NA,1
2022,3,FT,110000,FullRemote,M,NA,NA,1
2022,3,FT,136000,FullRemote,M,NA,NA,1
2022,3,FT,104000,FullRemote,M,NA,NA,1
2022,3,FT,47379,NoRemote,M,EU,EU,1
2022,3,FT,37903,NoRemote,M,EU,EU,1
2022,4,FT,205000,NoRemote,M,NA,NA,1
2022,4,FT,160000,NoRemote,M,NA,NA,1
2022,3,FT,169000,NoRemote,M,NA,NA,1
2022,3,FT,110600,NoRemote,M,NA,NA,1
2022,1,FT,61927,FullRemote,M,EU,EU,1
2022,1,FT,49542,FullRemote,M,EU,EU,1
2022,3,FT,160000,NoRemote,M,NA,NA,1
2022,3,FT,130000,NoRemote,M,NA,NA,1
2022,3,FT,245000,NoRemote,M,NA,NA,1
2022,3,FT,180000,NoRemote,M,NA,NA,1
2022,3,FT,135000,NoRemote,M,NA,NA,1
2022,3,FT,100000,NoRemote,M,NA,NA,1
2022,3,FT,220000,NoRemote,M,NA,NA,1
2022,3,FT,150000,NoRemote,M,NA,NA,1
2022,3,FT,198440,NoRemote,L,NA,NA,1
2022,3,FT,144000,NoRemote,L,NA,NA,1
2022,3,FT,240000,NoRemote,M,NA,NA,1
2022,3,FT,170000,NoRemote,M,NA,NA,1
2022,3,FT,198440,NoRemote,M,NA,NA,1
2022,3,FT,144000,NoRemote,M,NA,NA,1
2022,2,FT,150000,FullRemote,M,NA,NA,1
2022,2,FT,100000,FullRemote,M,NA,NA,1
2022,3,FT,120000,NoRemote,M,NA,NA,1
2022,3,FT,95000,NoRemote,M,NA,NA,1
2022,2,FT,58211,HalfRemote,M,EU,EU,1
2022,1,FT,64000,FullRemote,L,NA,NA,1
2022,1,FT,40009,HalfRemote,L,EU,EU,1
2022,3,FT,187200,FullRemote,M,NA,NA,1
2022,3,FT,116100,FullRemote,M,NA,NA,1
2022,3,FT,150000,NoRemote,M,NA,NA,1
2022,3,FT,127000,NoRemote,M,NA,NA,1
2022,3,FT,275000,FullRemote,M,NA,NA,1
2022,3,FT,166000,FullRemote,M,NA,NA,1
2022,3,FT,159699,NoRemote,M,NA,NA,1
2022,3,FT,138938,NoRemote,M,NA,NA,1
2022,1,FT,76000,HalfRemote,L,NA,NA,1
2022,3,FT,166700,NoRemote,M,NA,NA,1
2022,3,FT,119000,NoRemote,M,NA,NA,1
2022,3,FT,130000,NoRemote,M,NA,NA,1
2022,3,FT,100000,NoRemote,M,NA,NA,1
2022,3,FT,104038,NoRemote,M,EU,EU,1
2022,3,FT,92891,NoRemote,M,EU,EU,1
2022,3,FT,80000,NoRemote,M,NA,NA,1
2022,3,FT,52500,NoRemote,M,NA,NA,1
2022,3,FT,236000,FullRemote,M,NA,NA,1
2022,3,FT,182000,FullRemote,M,NA,NA,1
2022,3,FT,180000,FullRemote,M,NA,NA,1
2022,3,FT,140000,FullRemote,M,NA,NA,1
2022,3,FT,225000,NoRemote,M,NA,NA,1
2022,3,FT,156400,NoRemote,M,NA,NA,1
2022,3,FT,135000,FullRemote,M,NA,NA,1
2022,3,FT,100000,FullRemote,M,NA,NA,1
2022,3,FT,204500,NoRemote,M,NA,NA,1
2022,3,FT,142200,NoRemote,M,NA,NA,1
2022,2,FT,240000,FullRemote,M,NA,NA,1
2022,1,PT,125404,HalfRemote,S,AS,NA,0
2022,3,FT,300000,NoRemote,M,NA,NA,1
2022,3,FT,130000,NoRemote,M,NA,NA,1
2022,3,FT,195000,FullRemote,M,NA,NA,1
2022,3,FT,175000,FullRemote,M,NA,NA,1
2022,3,FT,155000,NoRemote,M,NA,NA,1
2022,3,FT,110000,NoRemote,M,NA,NA,1
2022,3,FT,123000,NoRemote,M,NA,NA,1
2022,3,FT,92250,NoRemote,M,NA,NA,1
2022,3,FT,170000,NoRemote,M,NA,NA,1
2022,3,FT,150000,NoRemote,M,NA,NA,1
2022,2,FT,180000,FullRemote,M,NA,NA,1
2022,2,FT,100000,FullRemote,M,NA,NA,1
2022,3,FT,97000,FullRemote,M,NA,NA,1
2022,3,FT,90000,FullRemote,M,NA,NA,1
2022,3,FT,200000,NoRemote,M,NA,NA,1
2022,3,FT,160000,NoRemote,M,NA,NA,1
2022,3,FT,210000,FullRemote,M,NA,NA,1
2022,3,FT,180000,FullRemote,M,NA,NA,1
2022,3,FT,260000,NoRemote,M,NA,NA,1
2022,3,FT,180000,NoRemote,M,NA,NA,1
2022,4,FT,210000,FullRemote,M,NA,NA,1
2022,4,FT,157000,FullRemote,M,NA,NA,1
2022,1,FT,180000,FullRemote,M,NA,NA,1
2022,1,FT,100000,FullRemote,M,NA,NA,1
2022,2,FT,80000,NoRemote,M,NA,NA,1
2022,2,FT,52500,NoRemote,M,NA,NA,1
2022,3,FT,128000,NoRemote,M,NA,NA,1
2022,3,FT,81500,NoRemote,M,NA,NA,1
2022,3,FT,105000,NoRemote,M,NA,NA,1
2022,3,FT,70000,NoRemote,M,NA,NA,1
2022,3,FT,175000,NoRemote,M,NA,NA,1
2022,3,FT,122500,NoRemote,M,NA,NA,1
2022,3,FT,171000,NoRemote,M,NA,NA,1
2022,3,FT,117000,NoRemote,M,NA,NA,1
2022,3,FT,202800,NoRemote,L,NA,NA,1
2022,3,FT,104300,NoRemote,L,NA,NA,1
2022,3,FT,50537,NoRemote,M,EU,EU,1
2022,3,FT,36850,NoRemote,M,EU,EU,1
2022,3,FT,197000,NoRemote,M,NA,NA,1
2022,3,FT,99000,NoRemote,M,NA,NA,1
2022,3,FT,160000,NoRemote,M,NA,NA,1
2022,3,FT,110000,NoRemote,M,NA,NA,1
2022,3,FT,185900,NoRemote,M,NA,NA,1
2022,3,FT,129300,NoRemote,M,NA,NA,1
2021,3,FT,5000,FullRemote,L,NA,NA,1
2022,2,FT,30000,FullRemote,L,NA,NA,1
2022,2,FT,78000,FullRemote,M,SA,SA,1
2022,2,FT,48000,FullRemote,M,SA,SA,1
2022,3,FT,170000,NoRemote,M,NA,NA,1
2022,3,FT,130000,NoRemote,M,NA,NA,1
2022,3,FT,150000,NoRemote,M,NA,NA,1
2022,3,FT,95000,NoRemote,M,NA,NA,1
2022,2,FT,78000,FullRemote,M,SA,SA,1
2022,2,FT,42000,FullRemote,M,SA,SA,1
2022,3,FT,345600,NoRemote,M,NA,NA,1
2022,3,FT,230400,NoRemote,M,NA,NA,1
2022,3,FT,145000,NoRemote,M,NA,NA,1
2022,3,FT,115000,NoRemote,M,NA,NA,1
2022,2,FT,78000,FullRemote,M,SA,SA,1
2022,2,FT,48000,FullRemote,M,SA,SA,1
2022,3,FT,175950,FullRemote,M,NA,NA,1
2022,3,FT,130050,FullRemote,M,NA,NA,1
2022,3,FT,205600,NoRemote,L,NA,NA,1
2022,3,FT,105700,NoRemote,L,NA,NA,1
2022,3,FT,236600,FullRemote,M,NA,NA,1
2022,3,FT,89200,FullRemote,M,NA,NA,1
2022,2,FT,84000,FullRemote,M,SA,SA,1
2022,2,FT,54000,FullRemote,M,SA,SA,1
2022,1,FT,80000,FullRemote,L,NA,NA,1
2022,3,FT,200000,FullRemote,S,EU,EU,1
2022,1,FT,74286,FullRemote,L,NA,NA,1
2022,3,FT,165000,HalfRemote,S,NA,NA,1
2022,1,FT,33440,HalfRemote,L,EU,EU,1
2022,3,FT,185900,NoRemote,M,NA,NA,1
2022,3,FT,129300,NoRemote,M,NA,NA,1
2022,3,FT,169000,NoRemote,M,NA,NA,1
2022,3,FT,110600,NoRemote,M,NA,NA,1
2021,1,FT,5409,HalfRemote,L,AS,AS,1
2021,2,FT,75050,HalfRemote,L,OC,OC,1
2022,3,FT,225000,NoRemote,M,NA,NA,1
2022,3,FT,184100,NoRemote,M,NA,NA,1
2022,3,FT,185900,NoRemote,M,NA,NA,1
2022,3,FT,129300,NoRemote,M,NA,NA,1
2022,3,FT,225000,NoRemote,M,NA,NA,1
2022,3,FT,156400,NoRemote,M,NA,NA,1
2022,3,FT,185900,NoRemote,M,NA,NA,1
2022,3,FT,129300,NoRemote,M,NA,NA,1
2022,1,FT,108000,NoRemote,S,NA,NA,1
2022,3,FT,8000,FullRemote,L,AS,AS,0
2022,3,FT,155000,FullRemote,M,NA,NA,1
2022,3,FT,38000,FullRemote,M,NA,NA,1
2022,2,FT,85000,NoRemote,M,NA,NA,1
2022,2,FT,65000,NoRemote,M,NA,NA,1
2022,3,FT,155000,FullRemote,M,NA,NA,1
2022,3,FT,38000,FullRemote,M,NA,NA,1
2022,2,FT,111469,NoRemote,M,EU,EU,1
2022,2,FT,92891,NoRemote,M,EU,EU,1
2022,3,FT,153600,FullRemote,M,NA,NA,1
2022,3,FT,106800,FullRemote,M,NA,NA,1
2022,3,FT,185000,FullRemote,M,NA,NA,1
2022,3,FT,50000,FullRemote,M,NA,NA,1
2022,3,FT,185900,NoRemote,M,NA,NA,1
2022,3,FT,129300,NoRemote,M,NA,NA,1
2022,3,FT,155000,FullRemote,M,NA,NA,1
2022,3,FT,38000,FullRemote,M,NA,NA,1
2022,3,FT,168000,FullRemote,M,NA,NA,1
2022,3,FT,130000,FullRemote,M,NA,NA,1
2022,3,FT,123400,NoRemote,M,NA,NA,1
2022,3,FT,88100,NoRemote,M,NA,NA,1
2022,3,FT,120000,FullRemote,S,NA,NA,1
2022,3,FT,55000,FullRemote,S,NA,NA,1
2022,3,FT,185900,NoRemote,M,NA,NA,1
2022,3,FT,129300,NoRemote,M,NA,NA,1
2022,3,FT,191200,NoRemote,M,NA,NA,1
2022,3,FT,130000,NoRemote,M,NA,NA,1
2022,3,FT,169000,NoRemote,M,NA,NA,1
2022,3,FT,110600,NoRemote,M,NA,NA,1
2022,3,FT,150000,NoRemote,M,NA,NA,1
2022,3,FT,120000,NoRemote,M,NA,NA,1
2022,3,FT,139000,NoRemote,M,NA,NA,1
2022,3,FT,122000,NoRemote,M,NA,NA,1
2022,3,FT,185900,NoRemote,M,NA,NA,1
2022,3,FT,129300,NoRemote,M,NA,NA,1
2022,3,FT,139600,NoRemote,M,NA,NA,1
2022,3,FT,85700,NoRemote,M,NA,NA,1
2022,3,FT,185000,FullRemote,M,NA,NA,1
2022,3,FT,50000,FullRemote,M,NA,NA,1
2022,3,FT,185900,NoRemote,M,NA,NA,1
2022,3,FT,129300,NoRemote,M,NA,NA,1
2022,3,FT,225000,NoRemote,M,NA,NA,1
2022,3,FT,156400,NoRemote,M,NA,NA,1
2022,3,FT,200000,FullRemote,M,NA,NA,1
2022,3,FT,175000,FullRemote,M,NA,NA,1
2022,3,FT,185900,NoRemote,M,NA,NA,1
2022,3,FT,129300,NoRemote,M,NA,NA,1
2022,2,FT,148500,FullRemote,L,NA,NA,1
2022,2,FT,98200,FullRemote,L,NA,NA,1
2022,3,FT,115000,FullRemote,M,NA,NA,1
2022,3,FT,95000,FullRemote,M,NA,NA,1
2022,3,FT,225000,FullRemote,M,NA,NA,1
2022,3,FT,66000,FullRemote,M,NA,NA,1
2022,3,FT,185000,FullRemote,M,NA,NA,1
2022,3,FT,50000,FullRemote,M,NA,NA,1
2022,3,FT,47379,NoRemote,M,EU,EU,1
2022,3,FT,37903,NoRemote,M,EU,EU,1
2022,2,FT,134000,NoRemote,M,NA,NA,1
2022,2,FT,98000,NoRemote,M,NA,NA,1
2022,2,FT,105000,NoRemote,M,NA,NA,1
2022,2,FT,62000,NoRemote,M,NA,NA,1
2022,1,FT,57000,FullRemote,L,NA,NA,1
2022,3,FT,162502,HalfRemote,M,NA,NA,1
2022,2,FT,144200,FullRemote,M,NA,NA,1
2022,2,FT,115360,FullRemote,M,NA,NA,1
2022,2,FT,83793,NoRemote,L,OC,OC,1
2022,3,FT,38483,FullRemote,L,AS,AS,1
2022,3,FT,73701,NoRemote,M,EU,EU,1
2022,3,FT,42114,NoRemote,M,EU,EU,1
2022,3,FT,170000,FullRemote,M,NA,NA,1
2022,3,FT,150000,FullRemote,M,NA,NA,1
2022,3,FT,180000,FullRemote,M,NA,NA,1
2022,3,FT,160000,FullRemote,M,NA,NA,1
2022,2,FT,108000,HalfRemote,L,NA,NA,1
2022,3,FT,200000,FullRemote,M,NA,NA,1
2022,3,FT,150000,FullRemote,M,NA,NA,1
2022,4,FT,126906,HalfRemote,L,NA,NA,1
2022,3,FT,188700,FullRemote,M,NA,NA,1
2022,3,FT,160395,FullRemote,M,NA,NA,1
2022,3,FT,115934,FullRemote,M,NA,NA,1
2022,3,FT,81666,FullRemote,M,NA,NA,1
2022,3,FT,300000,NoRemote,M,NA,NA,1
2022,3,FT,225000,NoRemote,M,NA,NA,1
2022,3,FT,198440,FullRemote,M,NA,NA,1
2022,3,FT,144000,FullRemote,M,NA,NA,1
2022,3,FT,191475,FullRemote,M,NA,NA,1
2022,3,FT,141525,FullRemote,M,NA,NA,1
2022,3,FT,50537,NoRemote,M,EU,EU,1
2022,3,FT,36850,NoRemote,M,EU,EU,1
2022,2,FT,75806,FullRemote,S,EU,EU,1
2022,3,FT,156868,FullRemote,L,NA,NA,1
2022,3,FT,200000,FullRemote,S,AF,AF,1
2022,3,FT,198440,NoRemote,L,NA,NA,1
2022,3,FT,144000,NoRemote,L,NA,NA,1
2022,3,FT,69489,FullRemote,L,EU,EU,1
2022,2,FT,5132,FullRemote,M,EU,EU,1
2022,3,CT,90000,FullRemote,M,NA,NA,1
2022,2,FT,126344,NoRemote,S,EU,EU,1
2022,2,FT,84229,NoRemote,S,EU,EU,1
2022,3,FT,200000,FullRemote,M,NA,NA,1
2022,3,FT,180000,FullRemote,M,NA,NA,1
2022,2,FT,108000,FullRemote,M,NA,NA,1
2022,2,FT,85000,FullRemote,M,NA,NA,1
2022,3,FT,210000,FullRemote,M,NA,NA,1
2022,3,FT,180000,FullRemote,M,NA,NA,1
2022,3,FT,165000,FullRemote,M,NA,NA,1
2022,3,FT,132000,FullRemote,M,NA,NA,1
2022,3,FT,130000,FullRemote,M,NA,NA,1
2022,3,FT,110000,FullRemote,M,NA,NA,1
2022,2,FT,45388,HalfRemote,L,OC,OC,1
2021,1,FT,42028,HalfRemote,L,OC,OC,1
2022,2,FT,135000,FullRemote,L,NA,NA,1
2022,3,FT,178800,FullRemote,L,NA,NA,1
2022,3,FT,132100,FullRemote,L,NA,NA,1
2022,1,FT,20000,HalfRemote,M,NA,NA,0
2022,3,FT,140000,NoRemote,M,NA,NA,1
2022,3,FT,110000,NoRemote,M,NA,NA,1
2022,3,FT,160000,FullRemote,M,NA,NA,1
2022,3,FT,85000,FullRemote,M,NA,NA,1
2022,3,FT,250000,FullRemote,M,NA,NA,1
2022,3,FT,63000,FullRemote,M,NA,NA,1
2022,4,FT,187200,FullRemote,M,NA,NA,1
2022,4,FT,116100,FullRemote,M,NA,NA,1
2022,2,FT,10000,NoRemote,M,AS,AS,1
2022,3,FT,200000,FullRemote,M,NA,NA,1
2022,3,FT,145000,FullRemote,M,NA,NA,1
2022,3,FT,229998,NoRemote,L,NA,NA,1
2022,3,FT,154545,NoRemote,L,NA,NA,1
2022,3,FT,215000,NoRemote,L,NA,NA,1
2022,3,FT,159000,NoRemote,L,NA,NA,1
2022,3,FT,229998,NoRemote,L,NA,NA,1
2022,3,FT,154545,NoRemote,L,NA,NA,1
2022,1,FT,50000,FullRemote,M,NA,NA,1
2022,3,FT,183000,FullRemote,L,NA,NA,1
2022,3,FT,99750,FullRemote,M,NA,NA,1
2022,3,FT,68400,FullRemote,M,NA,NA,1
2022,3,FT,236900,FullRemote,L,NA,NA,1
2022,3,FT,159200,FullRemote,L,NA,NA,1
2022,3,FT,243225,FullRemote,M,NA,NA,1
2022,3,FT,179775,FullRemote,M,NA,NA,1
2022,3,FT,175000,FullRemote,M,NA,NA,1
2022,3,FT,150000,FullRemote,M,NA,NA,1
2022,3,FT,210000,FullRemote,M,NA,NA,1
2022,3,FT,180000,FullRemote,M,NA,NA,1
2022,3,FT,148000,FullRemote,M,NA,NA,1
2022,3,FT,128000,FullRemote,M,NA,NA,1
2022,3,FT,190000,FullRemote,M,NA,NA,1
2022,3,FT,135000,FullRemote,M,NA,NA,1
2022,3,FT,130000,FullRemote,M,NA,NA,1
2022,3,FT,110000,FullRemote,M,NA,NA,1
2022,3,FT,191475,FullRemote,M,NA,NA,1
2022,3,FT,141525,FullRemote,M,NA,NA,1
2022,3,FT,160000,FullRemote,M,NA,NA,1
2022,3,FT,85000,FullRemote,M,NA,NA,1
2022,3,FT,218000,NoRemote,M,NA,NA,1
2022,3,FT,145300,NoRemote,M,NA,NA,1
2022,3,FT,195400,FullRemote,L,NA,NA,1
2022,3,FT,131300,FullRemote,L,NA,NA,1
2022,1,FT,105000,FullRemote,L,SA,NA,0
2022,3,FT,191475,FullRemote,M,NA,NA,1
2022,3,FT,141525,FullRemote,M,NA,NA,1
2022,3,FT,207000,FullRemote,M,NA,NA,1
2022,3,FT,153000,FullRemote,M,NA,NA,1
2022,3,FT,191475,FullRemote,M,NA,NA,1
2022,3,FT,141525,FullRemote,M,NA,NA,1
2022,3,FT,110000,NoRemote,M,NA,NA,1
2022,3,FT,99000,NoRemote,M,NA,NA,1
2022,3,FT,191475,FullRemote,M,NA,NA,1
2022,3,FT,141525,FullRemote,M,NA,NA,1
2022,3,FT,191475,FullRemote,M,NA,NA,1
2022,3,FT,141525,FullRemote,M,NA,NA,1
2022,3,FT,191475,FullRemote,M,NA,NA,1
2022,3,FT,141525,FullRemote,M,NA,NA,1
2022,3,FT,200000,FullRemote,M,NA,NA,1
2022,3,FT,135000,FullRemote,M,NA,NA,1
2022,3,FT,207000,FullRemote,M,NA,NA,1
2022,3,FT,153000,FullRemote,M,NA,NA,1
2022,3,FT,191475,FullRemote,M,NA,NA,1
2022,3,FT,141525,FullRemote,M,NA,NA,1
2022,3,FT,191475,FullRemote,M,NA,NA,1
2022,3,FT,141525,FullRemote,M,NA,NA,1
2022,3,FT,191475,FullRemote,M,NA,NA,1
2022,3,FT,141525,FullRemote,M,NA,NA,1
2022,3,FT,195700,NoRemote,M,NA,NA,1
2022,3,FT,130500,NoRemote,M,NA,NA,1
2022,3,FT,130000,FullRemote,M,NA,NA,1
2022,3,FT,84000,FullRemote,M,NA,NA,1
2022,2,FT,100000,FullRemote,M,NA,NA,1
2022,2,FT,60000,FullRemote,M,NA,NA,1
2022,2,FT,80505,FullRemote,M,EU,EU,1
2022,2,FT,68120,FullRemote,M,EU,EU,1
2022,3,FT,141300,NoRemote,M,NA,NA,1
2022,3,FT,102100,NoRemote,M,NA,NA,1
2022,3,FT,50537,NoRemote,M,EU,EU,1
2022,3,FT,36850,NoRemote,M,EU,EU,1
2022,2,FT,150000,FullRemote,L,NA,NA,1
2022,2,FT,102799,FullRemote,M,EU,EU,1
2022,1,FT,23090,HalfRemote,M,AS,AS,1
2022,3,FT,144000,FullRemote,M,NA,NA,1
2022,3,FT,113000,FullRemote,M,NA,NA,1
2022,1,FT,31586,FullRemote,M,EU,EU,0
2022,3,FT,195400,FullRemote,L,NA,NA,1
2022,3,FT,131300,FullRemote,L,NA,NA,1
2022,3,FT,195400,FullRemote,L,NA,NA,1
2022,3,FT,131300,FullRemote,L,NA,NA,1
2022,3,FT,195400,FullRemote,L,NA,NA,1
2022,3,FT,131300,FullRemote,L,NA,NA,1
2022,3,FT,190000,FullRemote,M,NA,NA,1
2022,3,FT,135000,FullRemote,M,NA,NA,1
2022,3,FT,135000,FullRemote,M,NA,NA,1
2022,3,FT,80000,FullRemote,M,NA,NA,1
2022,1,FT,8120,FullRemote,M,AS,AS,1
2022,3,FT,160000,FullRemote,M,NA,NA,1
2022,3,FT,85000,FullRemote,M,NA,NA,1
2022,3,FT,178800,FullRemote,L,NA,NA,1
2022,3,FT,132100,FullRemote,L,NA,NA,1
2022,2,CT,60000,FullRemote,S,AS,NA,0
2022,3,FT,63172,HalfRemote,S,EU,EU,1
2022,1,FT,50000,FullRemote,L,AS,OC,0
2022,3,FT,140000,FullRemote,M,NA,NA,1
2022,3,FT,105000,FullRemote,M,NA,NA,1
2022,2,FT,80505,FullRemote,M,EU,EU,1
2022,2,FT,68120,FullRemote,M,EU,EU,1
2022,3,FT,190000,FullRemote,M,NA,NA,1
2022,3,FT,140000,FullRemote,M,NA,NA,1
2022,2,FT,100000,FullRemote,M,NA,NA,1
2022,2,FT,60000,FullRemote,M,NA,NA,1
2022,3,FT,180000,FullRemote,L,NA,NA,1
2022,3,FT,165000,FullRemote,L,NA,NA,1
2022,3,FT,108000,NoRemote,L,NA,NA,1
2021,1,FT,20000,HalfRemote,M,EU,EU,1
2022,3,FT,190000,FullRemote,M,NA,NA,1
2022,3,FT,135000,FullRemote,M,NA,NA,1
2022,3,FT,179400,NoRemote,M,NA,NA,1
2022,3,FT,154000,NoRemote,M,NA,NA,1
2022,3,FT,193900,NoRemote,M,NA,NA,1
2022,3,FT,129300,NoRemote,M,NA,NA,1
2022,4,FT,222640,NoRemote,M,NA,NA,1
2022,4,FT,182160,NoRemote,M,NA,NA,1
2022,2,FT,150000,NoRemote,M,NA,NA,1
2022,2,FT,100000,NoRemote,M,NA,NA,1
2022,3,FT,122500,FullRemote,M,NA,NA,1
2022,3,FT,100000,FullRemote,M,NA,NA,1
2022,4,FT,297500,FullRemote,M,NA,NA,1
2022,4,FT,260000,FullRemote,M,NA,NA,1
2021,1,FT,15000,FullRemote,L,AS,AS,1
2022,3,FT,193000,FullRemote,M,EU,NA,0
2022,1,FT,93000,NoRemote,M,NA,NA,1
2022,1,FT,73000,NoRemote,M,NA,NA,1
2022,2,FT,100000,FullRemote,M,NA,NA,1
2022,2,FT,60000,FullRemote,M,NA,NA,1
2022,1,FT,7828,FullRemote,L,SA,SA,1
2022,3,FT,136994,FullRemote,M,NA,NA,1
2022,3,FT,101570,FullRemote,M,NA,NA,1
2022,3,FT,250000,FullRemote,M,NA,NA,1
2022,3,FT,63000,FullRemote,M,NA,NA,1
2022,2,FT,134000,NoRemote,M,NA,NA,1
2022,2,FT,98000,NoRemote,M,NA,NA,1
2022,3,FT,191475,FullRemote,M,NA,NA,1
2022,3,FT,141525,FullRemote,M,NA,NA,1
2022,3,FT,57908,HalfRemote,L,EU,EU,1
2022,2,FT,136000,FullRemote,M,NA,NA,1
2022,2,FT,112000,FullRemote,M,NA,NA,1
2022,3,FT,172000,FullRemote,M,NA,NA,1
2022,3,FT,140000,FullRemote,M,NA,NA,1
2022,3,FT,215000,NoRemote,M,NA,NA,1
2022,3,FT,164000,NoRemote,M,NA,NA,1
2022,3,FT,300000,NoRemote,M,NA,NA,1
2022,3,FT,130000,NoRemote,M,NA,NA,1
2022,3,FT,250000,FullRemote,M,NA,NA,1
2022,3,FT,63000,FullRemote,M,NA,NA,1
2022,3,FT,180000,FullRemote,M,NA,NA,1
2022,3,FT,150000,FullRemote,M,NA,NA,1
2021,1,FT,45390,HalfRemote,L,EU,EU,1
2022,3,FT,250000,FullRemote,M,NA,NA,1
2022,3,FT,63000,FullRemote,M,NA,NA,1
2022,3,FT,191475,FullRemote,M,NA,NA,1
2022,3,FT,141525,FullRemote,M,NA,NA,1
2022,2,FT,97500,FullRemote,L,NA,NA,1
2022,3,FT,212800,FullRemote,M,NA,NA,1
2022,3,FT,142800,FullRemote,M,NA,NA,1
2022,2,FT,73701,HalfRemote,L,EU,EU,1
2022,1,FT,50000,HalfRemote,M,NA,EU,0
2022,1,FT,6413,FullRemote,L,EU,AS,0
2022,3,FT,151800,NoRemote,M,NA,NA,1
2022,3,FT,130240,NoRemote,M,NA,NA,1
2022,3,FT,165000,FullRemote,M,NA,NA,1
2022,3,FT,140250,FullRemote,M,NA,NA,1
2022,3,FT,135000,NoRemote,M,NA,NA,1
2022,3,FT,115000,NoRemote,M,NA,NA,1
2022,3,FT,179400,FullRemote,M,NA,NA,1
2022,3,FT,154000,FullRemote,M,NA,NA,1
2022,3,FT,191475,FullRemote,M,NA,NA,1
2022,3,FT,141525,FullRemote,M,NA,NA,1
2022,3,FT,191475,FullRemote,M,NA,NA,1
2022,3,FT,141525,FullRemote,M,NA,NA,1
2022,3,FT,191475,FullRemote,M,NA,NA,1
2022,3,FT,141525,FullRemote,M,NA,NA,1
2022,2,FT,75000,NoRemote,M,NA,NA,1
2022,2,FT,84229,FullRemote,M,EU,EU,1
2022,2,FT,73701,FullRemote,M,EU,EU,1
2022,2,FT,99084,FullRemote,M,EU,EU,1
2022,2,FT,86698,FullRemote,M,EU,EU,1
2022,2,FT,84229,FullRemote,M,EU,EU,1
2022,2,FT,73701,FullRemote,M,EU,EU,1
2022,3,FT,191475,FullRemote,M,NA,NA,1
2022,3,FT,141525,FullRemote,M,NA,NA,1
2022,3,FT,191475,FullRemote,M,NA,NA,1
2022,3,FT,141525,FullRemote,M,NA,NA,1
2022,3,FT,103265,FullRemote,M,EU,EU,1
2022,3,FT,80510,FullRemote,M,EU,EU,1
2022,3,FT,191475,FullRemote,M,NA,NA,1
2022,3,FT,141525,FullRemote,M,NA,NA,1
2022,3,FT,105224,FullRemote,M,EU,EU,1
2022,3,FT,82762,FullRemote,M,EU,EU,1
2022,3,FT,191475,FullRemote,M,NA,NA,1
2022,3,FT,141525,FullRemote,M,NA,NA,1
2022,3,FT,191475,NoRemote,M,NA,NA,1
2022,3,FT,141525,NoRemote,M,NA,NA,1
2022,3,FT,115000,NoRemote,L,NA,NA,1
2022,1,FT,31586,HalfRemote,M,EU,EU,1
2022,3,FT,81000,FullRemote,M,NA,NA,1
2022,3,FT,66000,FullRemote,M,NA,NA,1
2022,1,FT,46000,FullRemote,L,NA,NA,1
2022,1,FT,80000,FullRemote,L,NA,NA,1
2022,4,FT,200000,FullRemote,S,NA,NA,1
2022,4,FT,180000,FullRemote,S,NA,NA,1
2022,4,FT,200000,FullRemote,S,NA,NA,1
2022,3,FT,204100,NoRemote,M,NA,NA,1
2022,3,FT,136100,NoRemote,M,NA,NA,1
2022,3,FT,250000,NoRemote,M,NA,NA,1
2022,3,FT,63000,NoRemote,M,NA,NA,1
2022,2,FT,118900,NoRemote,M,EU,EU,1
2022,2,FT,111469,NoRemote,M,EU,EU,1
2021,1,PT,19073,HalfRemote,L,EU,EU,1
2022,3,FT,191475,FullRemote,M,NA,NA,1
2022,3,FT,141525,FullRemote,M,NA,NA,1
2022,3,FT,191475,FullRemote,M,NA,NA,1
2022,3,FT,141525,FullRemote,M,NA,NA,1
2022,3,FT,191475,FullRemote,M,NA,NA,1
2022,3,FT,141525,FullRemote,M,NA,NA,1
2022,3,FT,95000,FullRemote,M,NA,NA,1
2022,3,FT,70000,FullRemote,M,NA,NA,1
2022,2,FT,75000,FullRemote,M,SA,NA,0
2022,2,CT,7500,HalfRemote,M,SA,SA,1
2022,2,FT,113000,NoRemote,L,NA,NA,1
2022,3,FT,170000,FullRemote,M,NA,NA,1
2022,3,FT,130000,FullRemote,M,NA,NA,1
2022,2,FT,113000,FullRemote,L,NA,NA,1
2022,2,FT,140000,FullRemote,M,NA,NA,1
2021,3,FT,50000,FullRemote,S,AS,AS,1
2022,2,FT,53767,FullRemote,M,OC,OC,1
2022,3,FT,175000,NoRemote,M,NA,NA,1
2022,3,FT,140000,NoRemote,M,NA,NA,1
2022,1,FT,2324,NoRemote,L,EU,EU,0
2022,3,FT,30006,HalfRemote,S,EU,EU,1
2022,3,FT,250000,NoRemote,M,NA,NA,1
2022,3,FT,63000,NoRemote,M,NA,NA,1
2022,3,FT,160000,NoRemote,L,NA,NA,1
2022,3,FT,119300,NoRemote,L,NA,NA,1
2022,2,FT,145000,HalfRemote,L,NA,NA,1
2022,3,FT,105000,NoRemote,M,NA,NA,1
2022,3,FT,90000,NoRemote,M,NA,NA,1
2022,3,FT,146200,FullRemote,M,NA,NA,1
2022,3,FT,124270,FullRemote,M,NA,NA,1
2022,2,FT,225000,NoRemote,M,NA,NA,1
2022,2,FT,160000,NoRemote,M,NA,NA,1
2022,2,FT,54749,FullRemote,S,EU,EU,1
2022,3,FT,185800,FullRemote,M,NA,NA,1
2022,3,FT,137400,FullRemote,M,NA,NA,1
2022,3,FT,245000,NoRemote,M,NA,NA,1
2022,3,FT,180000,NoRemote,M,NA,NA,1
2022,3,FT,203500,NoRemote,M,NA,NA,1
2022,3,FT,152000,NoRemote,M,NA,NA,1
2022,3,FT,250000,NoRemote,M,NA,NA,1
2022,3,FT,63000,NoRemote,M,NA,NA,1
2022,3,FT,186000,FullRemote,M,NA,NA,1
2022,3,FT,148800,FullRemote,M,NA,NA,1
2022,3,FT,96209,HalfRemote,L,AS,AS,1
2022,2,FT,128809,HalfRemote,L,EU,EU,1
2022,1,FT,82000,NoRemote,L,NA,NA,1
2022,1,PT,110000,FullRemote,M,NA,EU,0
2022,2,FT,173000,HalfRemote,M,NA,NA,1
2022,3,FT,203500,NoRemote,M,NA,NA,1
2022,3,FT,152000,NoRemote,M,NA,NA,1
2022,3,FT,186000,FullRemote,M,NA,NA,1
2022,3,FT,148800,FullRemote,M,NA,NA,1
2022,1,FT,6294,FullRemote,L,SA,SA,1
2022,2,FT,158000,FullRemote,M,NA,NA,1
2022,2,FT,134000,FullRemote,M,NA,NA,1
2022,3,FT,170000,FullRemote,M,NA,NA,1
2022,3,FT,120000,FullRemote,M,NA,NA,1
2022,4,FT,200000,FullRemote,M,NA,NA,1
2022,4,FT,150000,FullRemote,M,NA,NA,1
2022,3,FT,216200,NoRemote,M,NA,NA,1
2022,3,FT,144100,NoRemote,M,NA,NA,1
2022,2,FT,115816,NoRemote,M,EU,EU,1
2022,2,FT,89494,NoRemote,M,EU,EU,1
2022,3,FT,250000,NoRemote,M,NA,NA,1
2022,3,FT,63000,NoRemote,M,NA,NA,1
2022,3,FT,135000,FullRemote,M,NA,NA,1
2022,3,FT,85000,FullRemote,M,NA,NA,1
2022,3,FT,135000,FullRemote,M,NA,NA,1
2022,3,FT,85000,FullRemote,M,NA,NA,1
2022,3,FT,206000,FullRemote,M,NA,NA,1
2022,3,FT,175100,FullRemote,M,NA,NA,1
2022,3,FT,189650,NoRemote,M,NA,NA,1
2022,3,FT,164996,NoRemote,M,NA,NA,1
2022,3,FT,149040,FullRemote,M,NA,NA,1
2022,3,FT,113900,FullRemote,M,NA,NA,1
2022,3,FT,154000,FullRemote,M,NA,NA,1
2022,3,FT,126000,FullRemote,M,NA,NA,1
2022,3,FT,200000,FullRemote,L,NA,NA,1
2022,3,FT,150000,FullRemote,L,NA,NA,1
2022,3,FT,195700,NoRemote,M,NA,NA,1
2022,3,FT,130500,NoRemote,M,NA,NA,1
2022,3,FT,170000,FullRemote,M,NA,NA,1
2022,3,FT,135000,FullRemote,M,NA,NA,1
2022,2,FT,99084,NoRemote,M,EU,EU,1
2022,2,FT,74313,NoRemote,M,EU,EU,1
2022,3,FT,117000,FullRemote,M,NA,NA,1
2022,3,FT,99450,FullRemote,M,NA,NA,1
2022,3,FT,200000,FullRemote,M,NA,NA,1
2022,3,FT,135000,FullRemote,M,NA,NA,1
2022,3,FT,193900,NoRemote,M,NA,NA,1
2022,3,FT,129300,NoRemote,M,NA,NA,1
2022,1,FT,55734,FullRemote,S,EU,EU,1
2022,3,FT,86698,NoRemote,M,EU,EU,1
2022,3,FT,61927,NoRemote,M,EU,EU,1
2022,3,FT,175000,FullRemote,M,NA,NA,1
2022,3,FT,130000,FullRemote,M,NA,NA,1
2022,3,FT,188100,NoRemote,M,NA,NA,1
2022,3,FT,139860,NoRemote,M,NA,NA,1
2022,3,FT,248700,NoRemote,M,NA,NA,1
2022,3,FT,167100,NoRemote,M,NA,NA,1
2022,2,FT,5772,FullRemote,S,AS,AS,1
2022,3,FT,123400,NoRemote,M,NA,NA,1
2022,3,FT,88100,NoRemote,M,NA,NA,1
2022,2,FT,50537,FullRemote,S,EU,EU,1
2022,3,FT,245000,NoRemote,M,NA,NA,1
2022,3,FT,205000,NoRemote,M,NA,NA,1
2022,3,FT,141300,NoRemote,M,NA,NA,1
2022,3,FT,102100,NoRemote,M,NA,NA,1
2022,3,FT,141300,NoRemote,M,NA,NA,1
2022,3,FT,102100,NoRemote,M,NA,NA,1
2022,1,FT,50000,FullRemote,L,SA,SA,1
2022,1,FT,84229,FullRemote,L,EU,EU,1
2022,3,FT,2428,FullRemote,L,SA,SA,1
2022,2,FT,61927,HalfRemote,S,EU,EU,1
2022,3,FT,250000,NoRemote,M,NA,NA,1
2022,3,FT,63000,NoRemote,M,NA,NA,1
2022,3,FT,189500,FullRemote,L,NA,NA,1
2022,3,FT,140100,FullRemote,L,NA,NA,1
2022,3,FT,177600,FullRemote,L,NA,NA,1
2022,3,FT,131300,FullRemote,L,NA,NA,1
2022,2,FT,24000,NoRemote,M,NA,NA,1
2022,2,FT,24000,NoRemote,M,NA,NA,1
2022,3,FT,250000,NoRemote,M,NA,NA,1
2022,3,FT,63000,NoRemote,M,NA,NA,1
2022,3,FT,202900,FullRemote,L,NA,NA,1
2022,3,FT,131300,FullRemote,L,NA,NA,1
2022,3,FT,145000,FullRemote,M,NA,NA,1
2022,3,FT,115000,FullRemote,M,NA,NA,1
2022,1,FT,115000,HalfRemote,L,NA,NA,1
2022,2,FT,193900,NoRemote,M,NA,NA,1
2022,2,FT,129300,NoRemote,M,NA,NA,1
2022,3,FT,180000,FullRemote,L,NA,NA,1
2022,3,FT,140000,FullRemote,L,NA,NA,1
2022,2,FT,216200,NoRemote,M,NA,NA,1
2022,2,FT,144100,NoRemote,M,NA,NA,1
2022,3,FT,216000,NoRemote,M,NA,NA,1
2022,3,FT,144000,NoRemote,M,NA,NA,1
2022,1,FT,150000,FullRemote,L,NA,NA,1
2021,1,FT,12171,FullRemote,M,AS,AS,1
2022,2,FT,53877,FullRemote,L,AS,AS,0
2022,1,FT,50000,HalfRemote,M,EU,EU,1
2021,3,FT,250000,HalfRemote,L,NA,NA,1
2022,4,FT,84229,NoRemote,L,EU,EU,1
2022,2,FT,132524,FullRemote,M,EU,EU,1
2022,3,FT,48000,FullRemote,S,SA,NA,0
2022,4,FT,260500,NoRemote,M,NA,NA,1
2022,4,FT,175100,NoRemote,M,NA,NA,1
2022,3,FT,210000,FullRemote,M,NA,NA,1
2022,3,FT,100000,FullRemote,M,NA,NA,1
2022,1,FT,55000,FullRemote,S,NA,NA,1
2022,2,FT,130000,FullRemote,M,NA,NA,1
2022,3,FT,77280,FullRemote,L,EU,EU,0
2022,1,FT,52117,HalfRemote,S,EU,EU,1
2022,2,FL,30787,FullRemote,S,AS,AS,1
2022,3,FT,206699,NoRemote,M,NA,NA,1
2022,3,FT,99100,NoRemote,M,NA,NA,1
2022,2,FT,200000,NoRemote,M,NA,NA,1
2022,2,FT,54000,NoRemote,M,NA,NA,1
2022,3,FT,250000,NoRemote,M,NA,NA,1
2022,3,FT,63000,NoRemote,M,NA,NA,1
2022,3,FT,250000,NoRemote,M,NA,NA,1
2022,3,FT,63000,NoRemote,M,NA,NA,1
2022,3,FT,250000,NoRemote,M,NA,NA,1
2022,3,FT,63000,NoRemote,M,NA,NA,1
2022,1,FT,130000,HalfRemote,L,NA,NA,1
2022,3,FT,100000,NoRemote,L,NA,NA,1
2022,3,FT,80000,NoRemote,L,NA,NA,1
2022,3,FT,160000,NoRemote,L,NA,NA,1
2022,3,FT,100000,NoRemote,L,NA,NA,1
2022,3,FT,221300,FullRemote,L,NA,NA,1
2022,3,FT,148700,FullRemote,L,NA,NA,1
2022,1,FT,30000,FullRemote,L,EU,EU,1
2022,1,FT,28427,HalfRemote,M,EU,EU,1
2022,2,FT,91652,NoRemote,M,EU,EU,1
2022,2,FT,61927,NoRemote,M,EU,EU,1
2022,2,FT,61066,FullRemote,S,EU,EU,1
2022,3,FT,249260,NoRemote,M,NA,NA,1
2022,3,FT,185400,NoRemote,M,NA,NA,1
2022,3,FT,170000,FullRemote,M,NA,NA,1
2022,3,FT,130000,FullRemote,M,NA,NA,1
2022,2,FT,80505,HalfRemote,M,EU,EU,1
2022,3,FT,128875,FullRemote,M,NA,NA,1
2022,3,FT,93700,FullRemote,M,NA,NA,1
2022,3,FT,180000,FullRemote,M,NA,NA,1
2022,3,FT,100000,FullRemote,M,NA,NA,1
2022,3,FT,136260,FullRemote,M,NA,NA,1
2022,3,FT,109280,FullRemote,M,NA,NA,1
2022,3,FT,160000,FullRemote,L,NA,NA,1
2022,3,FT,92000,FullRemote,L,NA,NA,1
2022,3,FT,200000,FullRemote,M,NA,NA,1
2022,3,FT,160000,FullRemote,M,NA,NA,1
2022,2,FT,136240,NoRemote,M,EU,EU,1
2022,2,FT,105276,NoRemote,M,EU,EU,1
2022,3,FT,117000,FullRemote,M,NA,NA,1
2022,3,FT,99450,FullRemote,M,NA,NA,1
2022,1,FT,3078,NoRemote,S,AS,AS,1
2022,1,FT,129000,FullRemote,L,NA,NA,1
2022,1,FT,86000,FullRemote,L,NA,NA,1
2020,1,FT,13493,FullRemote,L,AS,AS,1
2020,1,FT,13493,FullRemote,L,AS,AS,1
2022,3,FT,160000,NoRemote,L,NA,NA,1
2022,3,FT,119300,NoRemote,L,NA,NA,1
2022,3,FT,100000,FullRemote,L,NA,NA,1
2022,2,FT,25000,HalfRemote,M,AS,AS,1
2022,2,FT,65161,HalfRemote,M,AS,AS,1
2022,2,FT,200000,FullRemote,M,NA,NA,1
2022,1,FT,180000,FullRemote,L,NA,NA,1
2022,2,FT,153000,FullRemote,L,NA,NA,1
2022,3,FT,210000,FullRemote,M,NA,NA,1
2022,3,FT,100000,FullRemote,M,NA,NA,1
2022,3,FT,150075,FullRemote,M,NA,NA,1
2022,3,FT,110925,FullRemote,M,NA,NA,1
2022,2,FT,22800,FullRemote,M,AF,AF,1
2022,3,FT,160000,FullRemote,L,NA,NA,1
2022,3,FT,92000,FullRemote,L,NA,NA,1
2022,3,FT,202900,FullRemote,L,NA,NA,1
2022,3,FT,131300,FullRemote,L,NA,NA,1
2020,1,FT,22809,FullRemote,M,EU,EU,1
2022,1,FT,15000,NoRemote,L,AS,AS,1
2022,3,FT,175000,FullRemote,M,NA,NA,1
2022,3,FT,135000,FullRemote,M,NA,NA,1
2022,3,FT,134768,FullRemote,L,OC,OC,1
2022,1,FT,83000,NoRemote,L,NA,NA,1
2022,2,FT,92891,FullRemote,M,EU,EU,1
2022,2,FT,68120,FullRemote,M,EU,EU,1
2022,3,FT,186000,NoRemote,M,NA,NA,1
2022,3,FT,148800,NoRemote,M,NA,NA,1
2022,3,FT,112900,NoRemote,M,NA,NA,1
2022,3,FT,90320,NoRemote,M,NA,NA,1
2022,3,FT,240000,NoRemote,M,NA,NA,1
2022,3,FT,160000,NoRemote,M,NA,NA,1
2022,3,FT,300000,FullRemote,M,NA,NA,1
2022,3,FT,200000,FullRemote,M,NA,NA,1
2022,2,FT,65804,HalfRemote,S,EU,EU,1
2022,2,FT,200000,FullRemote,L,AS,NA,0
2022,2,FT,117662,NoRemote,M,EU,EU,1
2022,2,FT,92891,NoRemote,M,EU,EU,1
2022,2,FT,120000,NoRemote,M,NA,NA,1
2022,3,FT,112900,FullRemote,M,NA,NA,1
2022,3,FT,90320,FullRemote,M,NA,NA,1
2022,3,FT,145000,FullRemote,M,NA,NA,1
2022,3,FT,105400,FullRemote,M,NA,NA,1
2020,1,FT,49268,NoRemote,S,EU,EU,1
2022,2,FT,111469,NoRemote,M,EU,EU,1
2022,2,FT,92891,NoRemote,M,EU,EU,1
2022,3,FT,215300,FullRemote,L,NA,NA,1
2022,3,FT,158200,FullRemote,L,NA,NA,1
2022,3,FT,209100,FullRemote,L,NA,NA,1
2022,3,FT,154600,FullRemote,L,NA,NA,1
2022,3,FT,115934,NoRemote,M,NA,NA,1
2022,3,FT,81666,NoRemote,M,NA,NA,1
2022,3,FT,175000,FullRemote,M,NA,NA,1
2022,3,FT,155000,FullRemote,M,NA,NA,1
2022,2,FT,84229,FullRemote,M,EU,EU,0
2022,3,FT,164000,NoRemote,M,NA,NA,1
2022,3,FT,132000,NoRemote,M,NA,NA,1
2022,3,FT,170000,FullRemote,M,NA,NA,1
2022,3,FT,123000,FullRemote,M,NA,NA,1
2022,3,FT,189650,NoRemote,M,NA,NA,1
2022,3,FT,164996,NoRemote,M,NA,NA,1
2022,2,FT,52643,NoRemote,M,EU,EU,1
2022,2,FT,52643,NoRemote,M,EU,EU,1
2022,4,FT,116073,FullRemote,S,NA,NA,1
2022,3,FT,165400,FullRemote,M,NA,NA,1
2022,3,FT,132320,FullRemote,M,NA,NA,1
2022,3,FT,208775,FullRemote,M,NA,NA,1
2022,3,FT,147800,FullRemote,M,NA,NA,1
2022,3,FT,136994,FullRemote,M,NA,NA,1
2022,3,FT,101570,FullRemote,M,NA,NA,1
2022,3,FT,128875,FullRemote,M,NA,NA,1
2022,3,FT,93700,FullRemote,M,NA,NA,1
2022,4,FT,76967,HalfRemote,L,AS,AS,1
2022,1,FT,35298,FullRemote,L,EU,EU,1
2022,3,FT,183600,FullRemote,L,NA,NA,1
2022,3,FT,100800,FullRemote,L,NA,NA,1
2022,2,FT,49542,FullRemote,M,EU,EU,1
2022,2,FT,37156,FullRemote,M,EU,EU,1
2022,2,FT,42114,FullRemote,M,EU,EU,1
2022,2,FT,31586,FullRemote,M,EU,EU,1
2022,2,FT,84229,FullRemote,M,EU,EU,1
2022,2,FT,73701,FullRemote,M,EU,EU,1
2022,2,FT,99084,FullRemote,M,EU,EU,1
2022,2,FT,86698,FullRemote,M,EU,EU,1
2022,2,FT,84229,FullRemote,M,EU,EU,1
2022,2,FT,73701,FullRemote,M,EU,EU,1
2022,3,FT,189650,NoRemote,M,NA,NA,1
2022,3,FT,164996,NoRemote,M,NA,NA,1
2022,2,FT,42114,FullRemote,M,EU,EU,1
2022,2,FT,31586,FullRemote,M,EU,EU,1
2022,2,FT,92891,FullRemote,M,EU,EU,1
2022,2,FT,74313,FullRemote,M,EU,EU,1
2022,3,FT,215300,NoRemote,L,NA,NA,1
2022,3,FT,140400,NoRemote,L,NA,NA,1
2022,2,FT,63172,FullRemote,M,EU,EU,1
2022,2,FT,47379,FullRemote,M,EU,EU,1
2022,3,FT,260000,FullRemote,M,NA,NA,1
2022,3,FT,180000,FullRemote,M,NA,NA,1
2022,2,FT,68120,NoRemote,M,EU,EU,1
2022,2,FT,43349,NoRemote,M,EU,EU,1
2022,2,FT,63172,FullRemote,M,EU,EU,1
2022,2,FT,47379,FullRemote,M,EU,EU,1
2022,2,FT,74313,FullRemote,M,EU,EU,1
2022,2,FT,55734,FullRemote,M,EU,EU,1
2021,2,FT,51064,HalfRemote,L,EU,EU,1
2022,3,FT,60000,FullRemote,L,SA,NA,0
2022,2,FT,82900,NoRemote,M,NA,NA,1
2022,2,FT,63900,NoRemote,M,NA,NA,1
2022,2,FT,160000,FullRemote,L,NA,NA,1
2022,2,FT,112300,FullRemote,L,NA,NA,1
2022,2,FT,241000,FullRemote,M,NA,NA,1
2022,2,FT,159000,FullRemote,M,NA,NA,1
2022,3,FT,180000,NoRemote,M,NA,NA,1
2022,3,FT,80000,NoRemote,M,NA,NA,1
2022,2,FT,58000,NoRemote,S,NA,NA,1
2022,2,FT,58000,NoRemote,S,NA,NA,1
2022,3,FT,136000,NoRemote,M,NA,NA,1
2022,3,FT,108800,NoRemote,M,NA,NA,1
2022,4,FT,242000,FullRemote,M,NA,NA,1
2022,4,FT,200000,FullRemote,M,NA,NA,1
2022,2,FT,61927,NoRemote,M,EU,EU,1
2022,2,FT,37156,NoRemote,M,EU,EU,1
2022,2,FT,74313,NoRemote,M,EU,EU,1
2022,2,FT,49542,NoRemote,M,EU,EU,1
2022,3,FT,165220,FullRemote,M,NA,NA,1
2022,3,FT,120160,FullRemote,M,NA,NA,1
2022,3,FT,124190,FullRemote,M,NA,NA,1
2022,3,FT,90320,FullRemote,M,NA,NA,1
2022,3,FT,181940,NoRemote,M,NA,NA,1
2022,3,FT,132320,NoRemote,M,NA,NA,1
2022,3,FT,220110,NoRemote,M,NA,NA,1
2022,3,FT,160080,NoRemote,M,NA,NA,1
2022,3,FT,180000,NoRemote,L,NA,NA,1
2022,3,FT,120000,NoRemote,L,NA,NA,1
2022,2,FT,126500,NoRemote,M,NA,NA,1
2022,2,FT,106260,NoRemote,M,NA,NA,1
2022,3,FT,116000,NoRemote,M,NA,NA,1
2022,3,FT,99000,NoRemote,M,NA,NA,1
2022,3,FT,155000,FullRemote,M,NA,NA,1
2022,3,FT,120600,FullRemote,M,NA,NA,1
2022,2,FT,130000,NoRemote,M,NA,NA,1
2022,2,FT,90000,NoRemote,M,NA,NA,1
2022,2,FT,170000,FullRemote,M,NA,NA,1
2022,2,FT,150000,FullRemote,M,NA,NA,1
2022,3,FT,102100,FullRemote,M,NA,NA,1
2022,3,FT,84900,FullRemote,M,NA,NA,1
2022,3,FT,136620,FullRemote,M,NA,NA,1
2022,3,FT,99360,FullRemote,M,NA,NA,1
2022,3,FT,111469,NoRemote,M,EU,EU,1
2022,3,FT,99084,NoRemote,M,EU,EU,1
2022,3,FT,146000,FullRemote,M,NA,NA,1
2022,3,FT,123000,FullRemote,M,NA,NA,1
2022,1,FT,49542,FullRemote,M,EU,EU,1
2022,1,FT,43349,FullRemote,M,EU,EU,1
2022,4,FT,130000,FullRemote,M,NA,NA,1
2022,4,FT,110000,FullRemote,M,NA,NA,1
2022,3,FT,170000,FullRemote,M,NA,NA,1
2022,3,FT,135000,FullRemote,M,NA,NA,1
2022,3,FT,161342,FullRemote,M,NA,NA,1
2022,3,FT,137141,FullRemote,M,NA,NA,1
2022,3,FT,167000,FullRemote,M,NA,NA,1
2022,3,FT,123000,FullRemote,M,NA,NA,1
2022,3,FT,74313,NoRemote,M,EU,EU,1
2022,3,FT,61927,NoRemote,M,EU,EU,1
2022,3,FT,211500,FullRemote,M,NA,NA,1
2022,3,FT,138600,FullRemote,M,NA,NA,1
2022,3,FT,192400,FullRemote,M,NA,NA,1
2022,3,FT,90700,FullRemote,M,NA,NA,1
2022,3,FT,130000,FullRemote,M,NA,NA,1
2022,3,FT,61300,FullRemote,M,NA,NA,1
2022,3,FT,130000,FullRemote,M,NA,NA,1
2022,3,FT,61300,FullRemote,M,NA,NA,1
2022,3,FT,160000,NoRemote,L,NA,NA,1
2022,3,FT,113000,NoRemote,L,NA,NA,1
2022,3,FT,150000,NoRemote,M,NA,NA,1
2022,3,FT,95550,NoRemote,M,NA,NA,1
2022,2,FT,167000,FullRemote,M,NA,NA,1
2022,2,FT,115500,FullRemote,M,NA,NA,1
2022,3,FT,112900,FullRemote,M,NA,NA,1
2022,3,FT,90320,FullRemote,M,NA,NA,1
2022,3,FT,112900,FullRemote,M,NA,NA,1
2022,3,FT,90320,FullRemote,M,NA,NA,1
2022,3,FT,165400,FullRemote,M,NA,NA,1
2022,3,FT,132320,FullRemote,M,NA,NA,1
2022,3,FT,243900,FullRemote,M,NA,NA,1
2022,3,FT,156600,FullRemote,M,NA,NA,1
2022,3,FT,136600,FullRemote,M,NA,NA,1
2022,3,FT,109280,FullRemote,M,NA,NA,1
2022,3,FT,128875,FullRemote,M,NA,NA,1
2022,3,FT,93700,FullRemote,M,NA,NA,1
2022,4,FT,224000,FullRemote,M,NA,NA,1
2022,4,FT,167875,FullRemote,M,NA,NA,1
2022,4,FT,175000,FullRemote,M,NA,NA,1
2022,4,FT,135000,FullRemote,M,NA,NA,1
2022,3,FT,209100,FullRemote,L,NA,NA,1
2022,3,FT,154600,FullRemote,L,NA,NA,1
2022,3,FT,180000,FullRemote,M,NA,NA,1
2022,3,FT,160000,FullRemote,M,NA,NA,1
2022,3,FT,205300,NoRemote,L,NA,NA,1
2022,3,FT,140400,NoRemote,L,NA,NA,1
2022,3,FT,176000,FullRemote,M,NA,NA,1
2022,3,FT,144000,FullRemote,M,NA,NA,1
2022,3,FT,200100,FullRemote,M,NA,NA,1
2022,3,FT,160000,FullRemote,M,NA,NA,1
2022,3,FT,70500,NoRemote,M,NA,NA,1
2022,3,FT,54000,NoRemote,M,NA,NA,1
2022,3,FT,205300,NoRemote,M,NA,NA,1
2022,3,FT,140400,NoRemote,M,NA,NA,1
2022,3,FT,205300,NoRemote,M,NA,NA,1
2022,3,FT,184700,NoRemote,M,NA,NA,1
2022,3,FT,175100,FullRemote,M,NA,NA,1
2022,3,FT,140250,FullRemote,M,NA,NA,1
2022,3,FT,116150,FullRemote,M,NA,NA,1
2022,3,FT,99050,FullRemote,M,NA,NA,1
2022,3,FT,145000,FullRemote,M,NA,NA,1
2022,3,FT,130000,FullRemote,M,NA,NA,1
2022,3,FT,112900,FullRemote,M,NA,NA,1
2022,3,FT,90320,FullRemote,M,NA,NA,1
2022,2,FT,85000,NoRemote,M,NA,NA,1
2022,2,FT,75000,NoRemote,M,NA,NA,1
2022,3,FT,214000,FullRemote,M,NA,NA,1
2022,3,FT,192600,FullRemote,M,NA,NA,1
2022,3,FT,266400,FullRemote,M,NA,NA,1
2022,3,FT,213120,FullRemote,M,NA,NA,1
2022,3,FT,155000,FullRemote,M,NA,NA,1
2022,3,FT,115000,FullRemote,M,NA,NA,1
2022,2,FT,141300,NoRemote,M,NA,NA,1
2022,2,FT,102100,NoRemote,M,NA,NA,1
2022,3,FT,115934,FullRemote,M,NA,NA,1
2022,3,FT,81666,FullRemote,M,NA,NA,1
2022,2,FT,206699,NoRemote,M,NA,NA,1
2022,2,FT,99100,NoRemote,M,NA,NA,1
2022,3,FT,130000,FullRemote,M,NA,NA,1
2022,3,FT,110500,FullRemote,M,NA,NA,1
2022,2,FT,61927,NoRemote,M,EU,EU,1
2022,2,FT,43349,NoRemote,M,EU,EU,1
2022,3,FT,80000,FullRemote,M,NA,NA,1
2022,3,FT,60000,FullRemote,M,NA,NA,1
2022,3,FT,192564,FullRemote,M,NA,NA,1
2022,3,FT,144854,FullRemote,M,NA,NA,1
2022,3,FT,230000,FullRemote,M,NA,NA,1
2022,3,FT,150000,FullRemote,M,NA,NA,1
2022,3,FT,150260,FullRemote,M,NA,NA,1
2022,3,FT,109280,FullRemote,M,NA,NA,1
2022,3,FT,170000,FullRemote,M,NA,NA,1
2022,3,FT,150000,FullRemote,M,NA,NA,1
2022,2,FT,160000,FullRemote,M,NA,NA,1
2022,2,FT,130000,FullRemote,M,NA,NA,1
2022,1,FT,67000,NoRemote,M,NA,NA,1
2022,1,FT,52000,NoRemote,M,NA,NA,1
2022,3,FT,154000,FullRemote,M,NA,NA,1
2022,3,FT,126000,FullRemote,M,NA,NA,1
2022,3,FT,129000,NoRemote,M,NA,NA,1
2022,3,FT,99000,NoRemote,M,NA,NA,1
2022,3,FT,210000,FullRemote,M,NA,NA,1
2022,3,FT,140000,FullRemote,M,NA,NA,1
2022,3,FT,210000,FullRemote,M,NA,NA,1
2022,3,FT,140000,FullRemote,M,NA,NA,1
2022,3,FT,210000,FullRemote,M,NA,NA,1
2022,3,FT,140000,FullRemote,M,NA,NA,1
2022,3,FT,100000,FullRemote,M,NA,NA,1
2022,3,FT,69000,FullRemote,M,NA,NA,1
2022,3,FT,210000,FullRemote,M,NA,NA,1
2022,3,FT,140000,FullRemote,M,NA,NA,1
2022,3,FT,150075,FullRemote,M,NA,NA,1
2022,3,FT,110925,FullRemote,M,NA,NA,1
2022,3,FT,100000,FullRemote,M,NA,NA,1
2022,3,FT,25000,FullRemote,M,NA,NA,1
2022,3,FT,126500,FullRemote,M,NA,NA,1
2022,3,FT,106260,FullRemote,M,NA,NA,1
2022,3,FT,220110,FullRemote,M,NA,NA,1
2022,3,FT,160080,FullRemote,M,NA,NA,1
2022,3,FT,105000,FullRemote,M,NA,NA,1
2022,3,FT,100000,FullRemote,M,NA,NA,1
2022,3,FT,170000,FullRemote,M,NA,NA,1
2022,3,FT,135000,FullRemote,M,NA,NA,1
2022,3,FT,230000,FullRemote,M,NA,NA,1
2022,3,FT,140000,FullRemote,M,NA,NA,1
2022,2,FT,135000,FullRemote,M,NA,NA,1
2022,2,FT,50000,FullRemote,M,NA,NA,1
2022,3,FT,220000,FullRemote,M,NA,NA,1
2022,3,FT,140000,FullRemote,M,NA,NA,1
2022,2,FT,173397,NoRemote,M,EU,EU,1
2022,2,FT,86698,NoRemote,M,EU,EU,1
2022,3,FT,220000,FullRemote,M,NA,NA,1
2022,3,FT,120000,FullRemote,M,NA,NA,1
2022,2,FT,200000,FullRemote,M,NA,NA,1
2022,2,FT,120000,FullRemote,M,NA,NA,1
2022,3,FT,120000,FullRemote,S,AS,AS,1
2022,3,FT,65000,FullRemote,S,AS,AS,1
2022,4,FT,324000,FullRemote,M,NA,NA,1
2022,4,FT,216000,FullRemote,M,NA,NA,1
2022,3,FT,210000,FullRemote,M,NA,NA,1
2022,3,FT,100000,FullRemote,M,NA,NA,1
2022,3,FT,185100,FullRemote,M,NA,NA,1
2022,3,FT,104890,FullRemote,M,NA,NA,1
2022,3,FT,105000,FullRemote,M,NA,NA,1
2022,3,FT,80000,FullRemote,M,NA,NA,1
2022,2,FT,77382,FullRemote,M,NA,NA,1
2020,3,FT,117104,HalfRemote,L,NA,NA,1
2022,4,FT,193455,HalfRemote,L,NA,NA,1
2022,2,FT,120000,FullRemote,S,NA,NA,1
2022,2,FT,35988,HalfRemote,L,NA,NA,1
2022,2,FT,17959,FullRemote,M,AS,AS,1
2022,2,FT,30787,FullRemote,L,AS,AS,1
2022,2,FT,55802,HalfRemote,L,EU,EU,1
2022,2,PT,52643,HalfRemote,L,EU,EU,1
2022,1,FT,17959,FullRemote,M,AS,AS,1
2022,2,FT,75000,FullRemote,L,SA,NA,0
2022,2,FT,157000,FullRemote,L,NA,NA,1
2022,2,FT,69643,HalfRemote,L,NA,NA,1
2022,1,FT,65000,FullRemote,S,NA,NA,1
2022,3,FT,68436,FullRemote,S,EU,EU,1
2021,2,FT,109000,HalfRemote,L,NA,NA,1
2022,2,FT,68096,FullRemote,M,NA,NA,1
2022,1,FT,10000,FullRemote,M,EU,EU,0
2022,2,FT,20000,FullRemote,S,EU,EU,1
2021,3,FT,102839,FullRemote,L,EU,EU,1
2022,3,FT,200000,FullRemote,M,AS,NA,0
2022,1,FT,51459,FullRemote,L,NA,NA,1
2022,2,FT,78000,FullRemote,M,NA,NA,1
2022,3,FT,135000,FullRemote,M,NA,NA,1
2022,3,FT,115000,FullRemote,M,NA,NA,1
2022,2,FT,84491,FullRemote,L,OC,OC,1
2022,1,FT,40000,FullRemote,L,AS,AS,0
2022,2,FT,31586,FullRemote,S,EU,EU,1
2022,3,FT,60013,FullRemote,L,EU,EU,1
2020,1,FT,54742,FullRemote,L,AS,EU,0
2022,3,FT,89494,HalfRemote,L,EU,EU,1
2022,1,FT,83793,HalfRemote,M,OC,OC,1
2022,3,FT,165000,FullRemote,M,NA,NA,1
2022,2,FT,153000,HalfRemote,M,NA,NA,1
2022,3,FT,100000,FullRemote,M,SA,NA,0
2022,3,FT,77382,FullRemote,M,NA,NA,1
2022,2,FT,33681,FullRemote,L,EU,EU,1
2022,2,FT,75000,FullRemote,S,NA,NA,1
2020,2,FT,20000,NoRemote,S,NA,NA,1
2022,1,CT,30533,FullRemote,M,AF,EU,0
2021,2,FT,69999,HalfRemote,L,EU,EU,1
2022,1,FT,55591,FullRemote,M,AS,EU,0
2022,2,FT,62119,NoRemote,L,EU,EU,1
2022,3,FT,152500,FullRemote,M,NA,NA,1
2022,1,FT,120000,FullRemote,L,NA,NA,1
2022,2,FT,135000,FullRemote,L,NA,NA,1
2022,3,FT,405000,FullRemote,L,NA,NA,1
2021,3,FT,150000,NoRemote,L,NA,NA,1
2021,3,FT,240000,NoRemote,L,NA,NA,1
2021,2,FT,135000,FullRemote,L,NA,NA,1
2021,1,FT,80000,FullRemote,M,NA,NA,1
2022,3,FT,380000,FullRemote,L,NA,NA,1
2022,2,FT,120221,NoRemote,L,EU,EU,1
2022,3,FT,177000,FullRemote,L,NA,NA,1
2022,2,FT,65278,FullRemote,M,EU,EU,1
2022,2,FT,48000,FullRemote,S,EU,NA,0
2022,1,FT,20000,NoRemote,M,AS,AS,1
2021,3,FT,220000,NoRemote,L,NA,NA,1
2021,2,FT,77364,HalfRemote,S,AS,AS,1
2021,2,FT,63711,HalfRemote,S,AS,AS,1
2022,1,FT,150000,FullRemote,S,OC,OC,1
2021,2,FT,90000,FullRemote,M,NA,NA,1
2022,2,FL,100000,FullRemote,M,NA,NA,0
2021,1,FT,100000,NoRemote,S,NA,NA,1
2022,1,PT,100000,HalfRemote,M,AF,AF,1
2022,3,FT,144000,HalfRemote,L,NA,NA,1
2022,3,FT,155825,FullRemote,M,EU,EU,1
2021,3,FT,24000,FullRemote,M,SA,SA,1
2021,2,FT,38400,FullRemote,M,AS,NA,0
2022,1,FT,100000,HalfRemote,L,NA,NA,1
2021,2,FT,82500,FullRemote,S,NA,NA,1
2021,1,FT,49646,HalfRemote,M,EU,EU,1
2021,3,FT,40570,HalfRemote,L,AS,AS,1
2022,1,FT,120000,FullRemote,M,NA,NA,1
2022,3,FT,84229,NoRemote,M,EU,EU,1
2021,1,FT,20000,FullRemote,S,AS,AS,1
2022,1,FT,125000,NoRemote,M,NA,NA,1
2021,2,FT,9466,NoRemote,S,AS,AS,1
2021,3,FT,120000,HalfRemote,S,NA,NA,1
2021,1,PT,10354,HalfRemote,M,EU,EU,1
2021,1,FT,110037,NoRemote,L,EU,EU,1
2022,1,FT,21057,FullRemote,L,EU,EU,1
2021,1,FT,50000,FullRemote,M,NA,NA,1
2021,3,FT,200000,FullRemote,M,NA,NA,1
2021,2,FT,60000,HalfRemote,M,EU,EU,0
2021,2,FT,200000,FullRemote,L,NA,NA,1
2021,1,FT,100000,HalfRemote,S,AS,AS,1
2021,2,FT,100000,FullRemote,L,NA,NA,1
2021,3,FT,82744,HalfRemote,M,EU,EU,1
2020,2,FT,59303,FullRemote,S,EU,EU,1
2021,2,FT,62649,HalfRemote,M,EU,EU,1
2021,2,FT,82528,FullRemote,L,EU,EU,1
2021,2,FT,170000,FullRemote,L,NA,NA,1
2021,2,FT,150000,FullRemote,L,NA,NA,1
2021,1,FT,55000,HalfRemote,S,NA,NA,1
2021,4,FT,250000,NoRemote,L,NA,NA,1
2021,1,FT,80000,FullRemote,L,NA,NA,1
2020,1,FT,70000,FullRemote,L,NA,NA,1
2021,4,FT,130026,HalfRemote,M,EU,EU,1
2021,1,FT,63831,HalfRemote,L,EU,EU,1
2020,3,FT,68428,FullRemote,L,EU,NA,0
2021,4,FT,85000,NoRemote,M,EU,EU,1
2021,4,FT,230000,HalfRemote,L,EU,EU,1
2021,1,FT,125000,FullRemote,S,NA,NA,1
2021,3,FT,120000,FullRemote,M,NA,NA,1
2020,2,FT,450000,NoRemote,M,NA,NA,1
2020,2,FT,46759,HalfRemote,L,EU,EU,1
2020,2,FT,74130,HalfRemote,L,EU,EU,1
2021,3,FT,127221,HalfRemote,L,NA,NA,1
2021,3,FT,144000,FullRemote,L,NA,NA,1
2021,1,FT,13400,FullRemote,L,EU,EU,1
2021,2,FT,75774,FullRemote,L,NA,NA,1
2021,2,FT,150000,FullRemote,M,NA,NA,1
2020,2,FT,103000,FullRemote,L,NA,NA,1
2021,3,FT,153000,FullRemote,L,NA,NA,1
2021,2,FT,90000,FullRemote,L,NA,NA,1
2021,1,FT,90000,FullRemote,S,NA,NA,1
2021,1,FT,60000,FullRemote,S,NA,NA,1
2021,2,FT,50000,FullRemote,L,AF,AF,1
2021,1,PT,12000,FullRemote,M,AS,NA,0
2021,2,PT,5409,HalfRemote,M,AS,AS,1
2021,2,CT,270000,FullRemote,L,NA,NA,1
2021,2,FT,54238,HalfRemote,L,EU,NA,0
2021,2,FT,47282,FullRemote,S,EU,EU,1
2021,4,FT,153667,FullRemote,L,EU,EU,0
2021,2,FT,28476,FullRemote,L,EU,EU,1
2021,2,FT,110000,FullRemote,L,NA,NA,1
2021,1,FT,82528,HalfRemote,L,EU,EU,1
2020,1,FT,250000,HalfRemote,L,NA,NA,1
2021,1,FT,59102,HalfRemote,M,EU,EU,1
2021,3,FT,80000,FullRemote,S,EU,NA,0
2020,1,FT,10000,FullRemote,S,AF,AF,1
2020,1,FT,138000,FullRemote,S,NA,NA,1
2021,2,FT,140000,FullRemote,L,NA,NA,1
2021,3,FT,79197,FullRemote,L,EU,EU,1
2021,3,FT,170000,FullRemote,L,NA,NA,1
2021,1,FT,80000,FullRemote,M,NA,NA,1
2020,2,FT,45760,FullRemote,S,AS,NA,0
2021,2,FT,100000,FullRemote,M,NA,NA,1
2021,3,FT,53192,HalfRemote,L,EU,EU,1
2021,4,FT,235000,FullRemote,L,NA,NA,1
2021,4,FT,150000,FullRemote,L,AS,NA,0
2020,4,FT,79833,HalfRemote,L,EU,EU,1
2021,1,FT,225000,FullRemote,L,NA,NA,1
2021,1,FT,76833,FullRemote,S,EU,EU,1
2020,2,FT,50180,NoRemote,M,EU,EU,1
2021,3,FT,88654,FullRemote,L,EU,EU,0
2021,3,FT,103160,FullRemote,S,EU,EU,1
2021,3,FT,113476,FullRemote,M,EU,EU,1
2021,3,FT,94564,HalfRemote,L,EU,EU,1
2021,1,FT,30428,FullRemote,L,AS,AS,1
2021,3,FT,150000,FullRemote,M,NA,NA,1
2021,3,FT,115000,FullRemote,S,NA,NA,1
2021,2,FT,187442,FullRemote,L,NA,NA,1
2021,2,FT,51519,HalfRemote,L,EU,EU,1
2020,2,FT,106000,FullRemote,L,NA,NA,1
2020,2,FT,112872,HalfRemote,L,EU,EU,1
2021,2,FT,36259,HalfRemote,L,EU,NA,0
2021,3,FT,150000,FullRemote,L,NA,NA,1
2020,1,PT,15966,FullRemote,S,EU,EU,1
2021,2,FT,95746,FullRemote,S,EU,NA,0
2021,1,FT,70000,FullRemote,M,NA,NA,1
2021,2,FT,450000,FullRemote,L,NA,NA,1
2020,2,FT,76958,FullRemote,S,EU,EU,1
2021,2,FT,89294,HalfRemote,L,AS,AS,1
2021,1,FT,29751,HalfRemote,L,AS,AS,1
2021,3,FT,276000,NoRemote,L,NA,NA,1
2020,3,FT,188000,FullRemote,L,NA,NA,1
2021,3,FT,160000,FullRemote,S,SA,NA,0
2020,2,FT,105000,FullRemote,L,NA,NA,1
2021,2,FT,200000,FullRemote,L,NA,NA,1
2021,3,FT,174000,FullRemote,L,NA,NA,1
2021,2,FT,93000,FullRemote,L,NA,NA,1
2021,1,FT,28399,FullRemote,M,AS,AS,1
2021,3,FT,60757,HalfRemote,L,EU,EU,1
2021,1,FT,90000,FullRemote,S,NA,NA,1
2020,2,FT,70139,HalfRemote,L,EU,EU,1
2020,1,FT,6072,NoRemote,S,AS,AS,1
2020,3,FT,33511,NoRemote,S,NA,NA,1
2021,3,FT,170000,FullRemote,M,NA,NA,1
2021,3,FT,96282,HalfRemote,L,EU,EU,1
2021,2,FT,12103,NoRemote,M,AS,AS,1
2021,1,FT,36643,HalfRemote,L,EU,EU,1
2021,2,FT,72212,HalfRemote,L,EU,EU,1
2020,1,FT,91000,FullRemote,L,NA,NA,1
2021,3,FT,99703,HalfRemote,M,NA,NA,1
2021,3,FT,165000,FullRemote,L,NA,NA,1
2021,2,FT,80000,FullRemote,L,NA,NA,1
2021,3,FT,103691,FullRemote,L,NA,NA,1
2021,1,FT,21637,HalfRemote,M,AS,AS,1
2020,1,FT,42000,HalfRemote,L,EU,EU,1
2020,2,FT,115000,NoRemote,L,AS,AS,1
2021,2,FT,63810,FullRemote,M,NA,NA,1
2020,3,FT,260000,NoRemote,S,AS,AS,1
2021,2,FT,110000,NoRemote,S,NA,NA,1
2021,2,FT,180000,FullRemote,L,NA,NA,1
2021,3,FT,200000,FullRemote,L,NA,NA,1
2020,3,FT,109024,HalfRemote,M,EU,EU,1
2021,3,FT,200000,FullRemote,L,NA,NA,1
2021,3,FT,256000,FullRemote,S,NA,NA,1
2021,2,FT,110000,FullRemote,L,NA,NA,1
2020,2,FT,79833,NoRemote,L,EU,EU,1
2021,1,FT,72500,FullRemote,L,NA,NA,1
2021,3,FT,185000,HalfRemote,L,NA,NA,1
2021,2,PT,69741,FullRemote,L,EU,EU,1
2021,1,FT,100000,NoRemote,L,EU,AS,0
2021,2,FT,112000,FullRemote,L,NA,NA,1
2020,3,FT,150000,HalfRemote,L,NA,NA,1
2021,3,FT,20171,HalfRemote,L,AS,AS,1
2021,3,FT,55000,FullRemote,L,EU,EU,1
2021,1,FT,58000,HalfRemote,L,NA,NA,1
2021,1,FT,100000,FullRemote,M,NA,NA,1
2021,3,FT,77684,HalfRemote,M,EU,EU,1
2021,1,FT,85000,FullRemote,S,EU,EU,0
2021,1,FT,76833,NoRemote,L,EU,EU,1
2021,3,CT,105000,FullRemote,M,NA,NA,1
2020,1,FT,72000,FullRemote,L,NA,NA,1
2021,1,FT,65013,HalfRemote,M,EU,EU,1
2021,2,FT,28016,FullRemote,M,AS,AS,1
2021,2,FT,111775,NoRemote,M,NA,NA,1
2021,2,FT,93150,NoRemote,M,NA,NA,1
2021,3,FT,160000,HalfRemote,S,NA,NA,0
2021,2,FT,25532,FullRemote,S,EU,EU,0
2021,3,FT,66265,NoRemote,L,AS,AS,1
2021,2,FT,16904,FullRemote,S,AS,AS,1
2021,3,FT,63831,HalfRemote,L,EU,EU,1
2020,3,FT,190000,FullRemote,S,NA,NA,1
2021,4,FT,141846,NoRemote,L,EU,EU,1
2021,1,FT,16228,FullRemote,L,AS,AS,1
2021,3,FT,71786,FullRemote,M,NA,NA,1
2020,2,FT,35735,HalfRemote,L,EU,EU,1
2021,3,FT,135000,NoRemote,L,NA,NA,1
2021,1,FT,24823,HalfRemote,M,EU,EU,1
2021,3,FT,54094,HalfRemote,L,AS,NA,0
2021,3,FT,24342,FullRemote,L,AS,AS,1
2021,1,FT,9272,FullRemote,S,AF,AF,1
2021,2,FT,147000,HalfRemote,L,NA,NA,1
2021,3,FT,96113,HalfRemote,L,NA,NA,1
2021,3,FT,174000,FullRemote,L,NA,NA,1
2020,2,FT,135000,FullRemote,L,NA,NA,1
2021,1,FT,21844,HalfRemote,M,SA,SA,1
2020,3,FT,125000,HalfRemote,S,OC,OC,1
2020,1,FT,51321,NoRemote,S,EU,EU,1
2020,2,FT,40481,NoRemote,L,AS,AS,1
2021,4,FT,69741,FullRemote,S,EU,EU,0
2021,3,FT,50000,FullRemote,M,AS,EU,0
2021,2,FT,4000,FullRemote,M,AS,AS,1
2020,1,FT,39916,NoRemote,M,EU,EU,1
2020,2,FT,87000,FullRemote,L,NA,NA,1
2021,2,FT,26005,NoRemote,L,EU,NA,0
2021,2,FT,90734,HalfRemote,L,EU,EU,1
2021,2,FT,22611,NoRemote,L,AS,AS,1
2021,2,FT,5679,FullRemote,S,AS,NA,0
2021,1,FT,81000,HalfRemote,S,NA,NA,1
2021,2,FT,40038,FullRemote,L,SA,SA,1
2021,2,FT,2859,NoRemote,S,NA,NA,1
2021,1,FT,90000,FullRemote,S,NA,NA,1
2021,2,FT,61467,HalfRemote,M,EU,EU,0
2021,3,FT,195000,FullRemote,M,NA,NA,1
2021,2,FT,37825,FullRemote,L,EU,EU,1
2020,2,FT,85000,FullRemote,L,NA,NA,1
2021,4,CT,416000,FullRemote,S,NA,NA,1
2021,3,FT,225000,FullRemote,L,NA,NA,0
2021,2,FT,56256,HalfRemote,L,EU,EU,1
2021,2,FT,33808,NoRemote,M,AS,AS,1
2021,2,FT,116914,HalfRemote,L,EU,EU,1
2021,2,FT,46597,FullRemote,L,EU,EU,1
2020,2,FT,8000,HalfRemote,L,AS,AS,1
2020,1,FT,41689,FullRemote,S,AS,AS,1
2020,3,FT,114047,FullRemote,S,EU,EU,0
2021,2,FT,88654,FullRemote,M,EU,EU,1
2020,1,FT,5707,HalfRemote,M,AS,AS,1
2020,2,FT,56000,FullRemote,M,EU,NA,0
2021,1,PT,28609,HalfRemote,S,EU,EU,1
2021,2,FT,88654,HalfRemote,L,EU,EU,1
2020,2,FT,43331,NoRemote,M,AS,AS,1
2020,2,FT,6072,FullRemote,L,AS,AS,1
2020,3,FT,47899,HalfRemote,L,EU,EU,1
2020,2,FT,98000,NoRemote,M,NA,NA,1
2021,2,FT,66022,HalfRemote,S,AS,EU,0
2021,2,FT,56738,HalfRemote,S,EU,EU,1
2021,2,FT,24823,HalfRemote,L,EU,EU,1
2021,3,FT,120000,NoRemote,L,NA,NA,1
2021,2,FL,20000,NoRemote,L,EU,NA,0
2020,4,FT,325000,FullRemote,L,NA,NA,1
2021,3,FT,200000,FullRemote,L,NA,NA,1
2020,1,FT,45896,HalfRemote,S,EU,EU,1
2021,2,FT,160000,FullRemote,L,NA,NA,1
2021,3,FT,50000,FullRemote,S,EU,NA,0
2021,2,FT,40189,FullRemote,M,EU,EU,1
2021,4,FT,600000,FullRemote,L,NA,NA,1
2021,2,FT,12901,NoRemote,S,SA,SA,1
2021,3,FT,165000,NoRemote,M,NA,NA,1
2021,1,FT,5882,NoRemote,L,AS,EU,0
2020,2,FT,42197,HalfRemote,S,EU,EU,1
2021,3,FT,185000,FullRemote,L,NA,NA,1
2020,1,FT,62726,HalfRemote,S,EU,EU,1
2021,2,FT,90734,HalfRemote,L,EU,EU,1
2020,1,PT,21669,HalfRemote,S,EU,EU,1
2020,2,FT,110000,FullRemote,L,NA,NA,1
2021,3,FT,140000,FullRemote,L,NA,NA,1
2020,3,FT,120000,HalfRemote,L,NA,NA,1
2021,3,FT,87738,FullRemote,S,NA,NA,1
2021,3,FT,61896,HalfRemote,L,EU,EU,1
2021,2,FL,12000,HalfRemote,M,AS,AS,1
2021,3,FT,76833,HalfRemote,S,EU,EU,0
2021,2,FT,74000,HalfRemote,S,AS,AS,1
2021,3,FT,152000,FullRemote,L,NA,EU,0
2021,2,FT,18000,NoRemote,S,EU,EU,1
2020,3,FL,60000,FullRemote,S,EU,NA,0
2021,2,FT,130000,HalfRemote,L,NA,NA,1
2021,3,FT,18907,NoRemote,M,SA,SA,1
2021,1,FT,59102,FullRemote,L,EU,EU,1
2021,3,FT,173762,FullRemote,M,EU,EU,1
2020,3,FT,148261,FullRemote,M,EU,EU,1
2020,2,FT,38776,FullRemote,M,EU,EU,1
2021,2,FT,46809,FullRemote,M,EU,EU,1
2021,1,FT,4000,NoRemote,M,AS,AS,1
2021,1,FT,18053,FullRemote,S,AS,OC,0
2020,3,FT,91237,NoRemote,S,EU,EU,1
2020,2,FT,62726,HalfRemote,S,EU,EU,0
2021,2,FT,115000,HalfRemote,L,NA,NA,1
2021,3,FT,235000,FullRemote,L,NA,NA,1
2021,2,FT,19609,FullRemote,L,AS,AS,1
2021,1,PT,12000,FullRemote,S,SA,NA,0
2021,2,FT,75000,NoRemote,L,NA,NA,1
2021,2,FT,62000,NoRemote,L,NA,NA,1
2021,2,FT,73000,NoRemote,L,NA,NA,1
2021,2,FT,45391,FullRemote,L,EU,EU,1
2020,3,FT,190200,FullRemote,M,NA,NA,1
2020,2,FT,118000,FullRemote,M,NA,NA,1
2020,2,FT,138350,FullRemote,M,NA,NA,1
2020,2,FT,130800,FullRemote,M,EU,NA,0
2020,3,FT,45618,FullRemote,S,EU,EU,1
2021,3,FT,168000,NoRemote,S,AS,AS,1
2021,2,FT,119059,FullRemote,M,AS,AS,0
2021,2,FT,423000,HalfRemote,L,NA,NA,1
2021,2,FT,28369,HalfRemote,L,EU,EU,1
2021,3,FT,165000,FullRemote,L,NA,NA,1
2020,3,FT,412000,FullRemote,L,NA,NA,1
2021,2,FT,151000,FullRemote,L,NA,NA,1
2020,1,FT,105000,FullRemote,S,NA,NA,1
2020,1,CT,100000,FullRemote,L,NA,NA,1
2021,3,FT,94665,HalfRemote,L,AS,AS,1
